{
    "val/loss": -3.534791946411133,
    "train/loss": -3.5428402423858643,
    "epoch_time": 0.4194972515106201
}