{
    "val/loss": -3.333005905151367,
    "train/loss": -3.308178663253784,
    "epoch_time": 0.9094676971435547
}