{
    "val/loss": -2.508802652359009,
    "train/loss": -2.3531956672668457,
    "epoch_time": 0.24666428565979004
}