{
    "val/loss": -3.417576551437378,
    "train/loss": -3.4146225452423096,
    "epoch_time": 0.8050153255462646
}