{
    "val/loss": -3.5865116119384766,
    "train/loss": -3.5864431858062744,
    "epoch_time": 0.4801476001739502
}