{
    "val/loss": -3.6527390480041504,
    "train/loss": -3.6640818119049072,
    "epoch_time": 0.8102657794952393
}