{
    "val/loss": -3.6176862716674805,
    "train/loss": -3.624596357345581,
    "epoch_time": 0.9799938201904297
}