{
    "val/loss": -4.272985458374023,
    "train/loss": -4.250045299530029,
    "epoch_time": 0.7073779106140137
}