{
    "val/loss": -3.084000587463379,
    "train/loss": -3.0841469764709473,
    "epoch_time": 0.48206400871276855
}