{
    "val/loss": 2.11932395366635e+22,
    "train/loss": 2.000727286979082e+22,
    "epoch_time": 0.8019964694976807
}