{
    "val/loss": -3.230044364929199,
    "train/loss": -3.2215330600738525,
    "epoch_time": 0.5583128929138184
}