{
    "val/loss": -3.6125271320343018,
    "train/loss": -3.61732816696167,
    "epoch_time": 0.6511361598968506
}