{
    "val/loss": -4.247679233551025,
    "train/loss": -4.256937026977539,
    "epoch_time": 0.4826843738555908
}