{
    "val/loss": -3.178523302078247,
    "train/loss": -3.1894493103027344,
    "epoch_time": 0.6864116191864014
}