{
    "val/loss": -4.271089553833008,
    "train/loss": -4.281561374664307,
    "epoch_time": 0.3961927890777588
}