{
    "val/loss": -3.674360752105713,
    "train/loss": -3.680772066116333,
    "epoch_time": 0.5492691993713379
}