{
    "val/loss": -2.9074013233184814,
    "train/loss": -2.908012866973877,
    "epoch_time": 0.7247028350830078
}