{
    "val/loss": -3.540743112564087,
    "train/loss": -3.537633180618286,
    "epoch_time": 0.48877573013305664
}