{
    "val/loss": -3.3341665267944336,
    "train/loss": -3.286252975463867,
    "epoch_time": 0.39029574394226074
}