{
    "val/loss": -3.4264631271362305,
    "train/loss": -3.4459314346313477,
    "epoch_time": 0.6946744918823242
}