{
    "val/loss": -1.6354453563690186,
    "train/loss": -1.676912784576416,
    "epoch_time": 0.24448466300964355
}