{
    "val/loss": -3.403024435043335,
    "train/loss": -3.4289374351501465,
    "epoch_time": 0.6237545013427734
}