{
    "val/loss": -3.39766526222229,
    "train/loss": -3.3819024562835693,
    "epoch_time": 0.7427027225494385
}