{
    "val/loss": -4.248239040374756,
    "train/loss": -4.245107650756836,
    "epoch_time": 0.4882621765136719
}