{
    "val/loss": -2.2128384113311768,
    "train/loss": -2.233328342437744,
    "epoch_time": 0.34911060333251953
}