{
    "val/loss": -3.588658094406128,
    "train/loss": -3.5865323543548584,
    "epoch_time": 0.5552423000335693
}